FirstName,MiddleName,LastName,Age
Shyam1,Kumar1,Soni1,25
Shyam2,Kumar2,Soni2,26
Shyam3,Kumar3,Soni3,27
Shyam4,Kumar4,Soni4,28
Shyam5,Kumar5,Soni5,29
Shyam6,Kumar6,Soni6,30
Shyam7,Kumar7,Soni7,31
Shyam8,Kumar8,Soni8,32
Shyam9,Kumar9,Soni9,33
Shyam10,Kumar10,Soni10,34
Shyam11,Kumar11,Soni11,35
Shyam12,Kumar12,Soni12,36
Shyam13,Kumar13,Soni13,37
Shyam14,Kumar14,Soni14,38
Shyam15,Kumar15,Soni15,39
Shyam16,Kumar16,Soni16,40
Shyam17,Kumar17,Soni17,41
Shyam18,Kumar18,Soni18,42
Shyam19,Kumar19,Soni19,43
Shyam20,Kumar20,Soni20,44
Shyam21,Kumar21,Soni21,45
Shyam22,Kumar22,Soni22,46
Shyam23,Kumar23,Soni23,47
Shyam24,Kumar24,Soni24,48
Shyam25,Kumar25,Soni25,49
Shyam26,Kumar26,Soni26,50
Shyam27,Kumar27,Soni27,51
Shyam28,Kumar28,Soni28,52
Shyam29,Kumar29,Soni29,53
Shyam30,Kumar30,Soni30,54
Shyam31,Kumar31,Soni31,55
Shyam32,Kumar32,Soni32,56
Shyam33,Kumar33,Soni33,57
Shyam34,Kumar34,Soni34,58
Shyam35,Kumar35,Soni35,59
Shyam36,Kumar36,Soni36,60
Shyam37,Kumar37,Soni37,61
Shyam38,Kumar38,Soni38,62
Shyam39,Kumar39,Soni39,63
Shyam40,Kumar40,Soni40,64
Shyam41,Kumar41,Soni41,65
Shyam42,Kumar42,Soni42,66
Shyam43,Kumar43,Soni43,67
Shyam44,Kumar44,Soni44,68
Shyam45,Kumar45,Soni45,69
Shyam46,Kumar46,Soni46,70
Shyam47,Kumar47,Soni47,71
Shyam48,Kumar48,Soni48,72
Shyam49,Kumar49,Soni49,73
Shyam50,Kumar50,Soni50,74
Shyam51,Kumar51,Soni51,75
Shyam52,Kumar52,Soni52,76
Shyam53,Kumar53,Soni53,77
Shyam54,Kumar54,Soni54,78
Shyam55,Kumar55,Soni55,79
Shyam56,Kumar56,Soni56,80
Shyam57,Kumar57,Soni57,81
Shyam58,Kumar58,Soni58,82
Shyam59,Kumar59,Soni59,83
Shyam60,Kumar60,Soni60,84
Shyam61,Kumar61,Soni61,85
Shyam62,Kumar62,Soni62,86
Shyam63,Kumar63,Soni63,87
Shyam64,Kumar64,Soni64,88
Shyam65,Kumar65,Soni65,89
Shyam66,Kumar66,Soni66,90
Shyam67,Kumar67,Soni67,91
Shyam68,Kumar68,Soni68,92
Shyam69,Kumar69,Soni69,93
Shyam70,Kumar70,Soni70,94
Shyam71,Kumar71,Soni71,95
Shyam72,Kumar72,Soni72,96
Shyam73,Kumar73,Soni73,97
Shyam74,Kumar74,Soni74,98
Shyam75,Kumar75,Soni75,99
Shyam76,Kumar76,Soni76,100
Shyam77,Kumar77,Soni77,101
Shyam78,Kumar78,Soni78,102
Shyam79,Kumar79,Soni79,103
Shyam80,Kumar80,Soni80,104
Shyam81,Kumar81,Soni81,105
Shyam82,Kumar82,Soni82,106
Shyam83,Kumar83,Soni83,107
Shyam84,Kumar84,Soni84,108
Shyam85,Kumar85,Soni85,109
Shyam86,Kumar86,Soni86,110
Shyam87,Kumar87,Soni87,111
Shyam88,Kumar88,Soni88,112
Shyam89,Kumar89,Soni89,113
Shyam90,Kumar90,Soni90,114
Shyam91,Kumar91,Soni91,115
Shyam92,Kumar92,Soni92,116
Shyam93,Kumar93,Soni93,117
Shyam94,Kumar94,Soni94,118
Shyam95,Kumar95,Soni95,119
Shyam96,Kumar96,Soni96,120
Shyam97,Kumar97,Soni97,121
Shyam98,Kumar98,Soni98,122
Shyam99,Kumar99,Soni99,123
Shyam100,Kumar100,Soni100,124
Shyam101,Kumar101,Soni101,125
Shyam102,Kumar102,Soni102,126
Shyam103,Kumar103,Soni103,127
Shyam104,Kumar104,Soni104,128
Shyam105,Kumar105,Soni105,129
Shyam106,Kumar106,Soni106,130
Shyam107,Kumar107,Soni107,131
Shyam108,Kumar108,Soni108,132
Shyam109,Kumar109,Soni109,133
Shyam110,Kumar110,Soni110,134
Shyam111,Kumar111,Soni111,135
Shyam112,Kumar112,Soni112,136
Shyam113,Kumar113,Soni113,137
Shyam114,Kumar114,Soni114,138
Shyam115,Kumar115,Soni115,139
Shyam116,Kumar116,Soni116,140
